{
  "mean_weights": [
    0.09278582036495209,
    0.09421338140964508,
    0.09575572609901428,
    0.09731215983629227,
    0.09886428713798523,
    0.10044161975383759,
    0.1020975410938263,
    0.10391737520694733,
    0.10602216422557831,
    0.10859113931655884
  ],
  "std_weights": [
    0.0068557728081941605,
    0.0038455764297395945,
    0.0021839358378201723,
    0.0020784770604223013,
    0.0025626288261264563,
    0.0028732724022120237,
    0.002887346548959613,
    0.0027135456912219524,
    0.003000378143042326,
    0.005130585748702288
  ],
  "representatives": {
    "sober": {
      "weights": [
        0.10074794292449951,
        0.09854331612586975,
        0.09673328697681427,
        0.0959606021642685,
        0.09593679755926132,
        0.09653188288211823,
        0.09749266505241394,
        0.10091940313577652,
        0.10526491701602936,
        0.11186908185482025
      ],
      "bac": 0.0,
      "pred": 0.023177877068519592
    },
    "near_threshold": {
      "weights": [
        0.08561442047357559,
        0.08926750719547272,
        0.09339267760515213,
        0.09733261168003082,
        0.10007169097661972,
        0.1019660085439682,
        0.10534416139125824,
        0.10760858654975891,
        0.10964994877576828,
        0.10975247621536255
      ],
      "bac": 0.07439053058168418,
      "pred": 0.07775525003671646
    },
    "intoxicated": {
      "weights": [
        0.0874706283211708,
        0.09446830302476883,
        0.09925553947687149,
        0.10204940289258957,
        0.10347836464643478,
        0.10452967137098312,
        0.10456424951553345,
        0.10344632714986801,
        0.10127042233943939,
        0.09946703165769577
      ],
      "bac": 0.14040253697802665,
      "pred": 0.11628343164920807
    }
  },
  "n_samples": 24660
}