{
  "loss": 0.0003467653878033161,
  "mae": 0.011404234915971756,
  "mse": 0.0002058258978649974,
  "rmse": 0.014346634037792683,
  "classification_accuracy": 0.8171837708830549,
  "precision": 0.7499999999994792,
  "recall": 0.2373626373625852,
  "f1_score": 0.360601001632807,
  "false_negatives": 347,
  "false_positives": 36
}