{
  "loss": 0.0002621180028654635,
  "mae": 0.014212123118340969,
  "mse": 0.00026102864649146795,
  "rmse": 0.016156380996108055,
  "classification_accuracy": 0.9925790754257907,
  "precision": 0.9674081738230479,
  "recall": 0.9849881485382938,
  "f1_score": 0.9761190133911896,
  "false_negatives": 57,
  "false_positives": 126,
  "true_positives": 3740,
  "true_negatives": 20737,
  "fnr": 0.015015806111696523,
  "fpr": 0.03260025873221216
}