{
  "mae": 0.014230550338769696,
  "mse": 0.0002616223817524505,
  "rmse": 0.016174745183540003,
  "classification_accuracy": 0.9925790754257907,
  "model_size_kb": 107.2421875
}