{
  "loss": [
    0.0024367584846913815,
    0.000797860324382782,
    0.0007138059590943158,
    0.0006368914619088173,
    0.0006175998714752495,
    0.0006046413909643888,
    0.000553611374925822,
    0.0005493612261489034,
    0.0005136613035574555,
    0.0005113238585181534,
    0.0005003541009500623,
    0.0004967982531525195,
    0.0004924522363580763,
    0.00040664576226845384,
    0.0003993118298240006,
    0.00039252196438610554,
    0.0003847405023407191,
    0.0003970237448811531,
    0.00036892053321935236,
    0.0003705742710735649
  ],
  "mae": [
    0.026974445208907127,
    0.019039427861571312,
    0.017685847356915474,
    0.01663082465529442,
    0.016382629051804543,
    0.016036665067076683,
    0.015368436463177204,
    0.015120591968297958,
    0.014701329171657562,
    0.014709602110087872,
    0.014583384618163109,
    0.014493080787360668,
    0.014462715946137905,
    0.013159632682800293,
    0.013115890324115753,
    0.01289315428584814,
    0.012863355688750744,
    0.01312955655157566,
    0.012576895765960217,
    0.012652489356696606
  ],
  "mse": [
    0.0017245637718588114,
    0.0005540657439269125,
    0.0004900650819763541,
    0.0004364438937045634,
    0.00042440902325324714,
    0.00041000181226991117,
    0.0003801677084993571,
    0.00036640887265093625,
    0.00035208434564992785,
    0.0003496789140626788,
    0.00034503135248087347,
    0.0003399047127459198,
    0.00034141758806072176,
    0.0002918319369200617,
    0.00028808770002797246,
    0.00028094646404497325,
    0.00027927523478865623,
    0.0002917985839303583,
    0.0002686305087991059,
    0.00027326526469551027
  ],
  "rmse": [
    0.04152786731719971,
    0.023538600653409958,
    0.022137412801384926,
    0.020891239866614342,
    0.020601190626621246,
    0.020248500630259514,
    0.019497890025377274,
    0.01914181001484394,
    0.018763910979032516,
    0.018699703738093376,
    0.018575020134449005,
    0.018436504527926445,
    0.018477488309144974,
    0.01708308979868889,
    0.01697314716875553,
    0.016761457547545433,
    0.016711529344320297,
    0.01708211377263069,
    0.01638995110988617,
    0.016530737280845642
  ],
  "val_loss": [
    0.0009415426175110042,
    0.0012745583662763238,
    0.0007413995917886496,
    0.0013408759841695428,
    0.001996897393837571,
    0.0013565242988988757,
    0.0007293907692655921,
    0.00042510771891102195,
    0.0006806530873291194,
    0.00036349959555082023,
    0.0008621559245511889,
    0.0009427025797776878,
    0.0009405601304024458,
    0.0007887004176154733,
    0.0008210859377868474,
    0.0007410901016555727,
    0.0010408416856080294,
    0.0011631050147116184,
    0.001001797616481781,
    0.00123926205560565
  ],
  "val_mae": [
    0.01769019477069378,
    0.016148598864674568,
    0.013421077281236649,
    0.016552085056900978,
    0.019427619874477386,
    0.017010025680065155,
    0.01250485610216856,
    0.01239579077810049,
    0.012349364347755909,
    0.011831260286271572,
    0.013575923629105091,
    0.01424966100603342,
    0.013566415756940842,
    0.012781772762537003,
    0.013063285499811172,
    0.012479005381464958,
    0.014394646510481834,
    0.014479666948318481,
    0.01428535208106041,
    0.015415206551551819
  ],
  "val_mse": [
    0.00043516946607269347,
    0.0003667243872769177,
    0.0002583675959613174,
    0.00039896334055811167,
    0.0005486751324497163,
    0.0004206321609672159,
    0.0002345879329368472,
    0.00022815227566752583,
    0.000226705422392115,
    0.0002126483159372583,
    0.00027445174055173993,
    0.00030466620228253305,
    0.00027228292310610414,
    0.0002435076457913965,
    0.0002541359863243997,
    0.00023255194537341595,
    0.00030604429775848985,
    0.00031062366906553507,
    0.00030024017905816436,
    0.00034762528957799077
  ],
  "val_rmse": [
    0.020860716700553894,
    0.01915004849433899,
    0.016073817387223244,
    0.01997406594455242,
    0.0234238151460886,
    0.020509319379925728,
    0.015316263772547245,
    0.01510471012443304,
    0.015056740492582321,
    0.014582466334104538,
    0.01656658574938774,
    0.017454689368605614,
    0.01650099828839302,
    0.015604731626808643,
    0.015941642224788666,
    0.015249653719365597,
    0.017494121566414833,
    0.017624519765377045,
    0.01732744090259075,
    0.01864471286535263
  ],
  "learning_rate": [
    0.0010000000474974513,
    0.0010000000474974513,
    0.0010000000474974513,
    0.0010000000474974513,
    0.0010000000474974513,
    0.0010000000474974513,
    0.0010000000474974513,
    0.0010000000474974513,
    0.0010000000474974513,
    0.0010000000474974513,
    0.0010000000474974513,
    0.0010000000474974513,
    0.0010000000474974513,
    0.0005000000237487257,
    0.0005000000237487257,
    0.0005000000237487257,
    0.0005000000237487257,
    0.0005000000237487257,
    0.0002500000118743628,
    0.0002500000118743628
  ]
}