{
  "loss": [
    0.001752154203131795,
    5.996694017085247e-05,
    3.435780672589317e-05,
    3.846850813715719e-05,
    2.4437114916509017e-05,
    2.604593100841157e-05,
    1.5354547940660268e-05,
    1.4263097909861244e-05,
    1.522577804280445e-05,
    1.5357669326476753e-05,
    1.5552659533568658e-05,
    1.3423386008071247e-05,
    1.411747871316038e-05
  ],
  "mae": [
    0.013808321207761765,
    0.004766916856169701,
    0.0037136494647711515,
    0.003773347707465291,
    0.0031914992723613977,
    0.0030914414674043655,
    0.00253616482950747,
    0.0024874021764844656,
    0.0024707159027457237,
    0.0024178314488381147,
    0.002417919924482703,
    0.002233338076621294,
    0.0022384861949831247
  ],
  "mse": [
    0.0006122540798969567,
    5.2185088861733675e-05,
    3.0128194339340553e-05,
    3.284692138549872e-05,
    2.2407115466194227e-05,
    2.0519173631328158e-05,
    1.4244451449485496e-05,
    1.3408093764155637e-05,
    1.3833285265718587e-05,
    1.3210160432208795e-05,
    1.3496879546437413e-05,
    1.227953180205077e-05,
    1.1873855328303762e-05
  ],
  "rmse": [
    0.02474376931786537,
    0.007223924621939659,
    0.005488915368914604,
    0.005731223151087761,
    0.004733615554869175,
    0.004529809579253197,
    0.0037741821724921465,
    0.003661706345155835,
    0.003719312371686101,
    0.003634578548371792,
    0.0036738100461661816,
    0.003504216205328703,
    0.003445846028625965
  ],
  "val_loss": [
    0.0003603894147090614,
    0.0003539538593031466,
    0.0002628158836159855,
    0.000421853648731485,
    0.0003128616663161665,
    0.00039463225402869284,
    0.00033756811171770096,
    0.00034155481262132525,
    0.00032154523069038987,
    0.0003487040812615305,
    0.0003227253328077495,
    0.0003223214880563319,
    0.0003405802126508206
  ],
  "val_mae": [
    0.015709681436419487,
    0.017118634656071663,
    0.014197373762726784,
    0.018587972968816757,
    0.015893779695034027,
    0.018114013597369194,
    0.0166719239205122,
    0.01687682792544365,
    0.016140837222337723,
    0.017106926068663597,
    0.01612294837832451,
    0.016174091026186943,
    0.016663003712892532
  ],
  "val_mse": [
    0.000304938672343269,
    0.00035042440867982805,
    0.00026051996974274516,
    0.00042018009116873145,
    0.00030693638836964965,
    0.00039266719250008464,
    0.00033664266811683774,
    0.00034063850762322545,
    0.00031879713060334325,
    0.00034849284566007555,
    0.000319498562021181,
    0.00031785122700966895,
    0.0003396541578695178
  ],
  "val_rmse": [
    0.01746249385178089,
    0.01871962659060955,
    0.016140630468726158,
    0.02049829438328743,
    0.017519600689411163,
    0.019815832376480103,
    0.01834782399237156,
    0.018456393852829933,
    0.01785489171743393,
    0.01866796240210533,
    0.017874522134661674,
    0.017828382551670074,
    0.0184297077357769
  ],
  "learning_rate": [
    0.0010000000474974513,
    0.0010000000474974513,
    0.0010000000474974513,
    0.0010000000474974513,
    0.0010000000474974513,
    0.0010000000474974513,
    0.0005000000237487257,
    0.0005000000237487257,
    0.0005000000237487257,
    0.0005000000237487257,
    0.0005000000237487257,
    0.0002500000118743628,
    0.0002500000118743628
  ]
}